{"cameraMode":{"drawMode":0,"name":"Shaded","section":"Shading Mode"},"sceneLighting":true,"audioPlay":false,"sceneViewState":{"m_AlwaysRefresh":false,"showFog":true,"showSkybox":true,"showFlares":true,"showImageEffects":true,"showParticleSystems":true,"showVisualEffectGraphs":true,"m_FxEnabled":true},"in2DMode":false,"pivot":{"x":0.3109357953071594,"y":-6.759039402008057,"z":4.053923606872559},"rotation":{"x":-0.16994494199752809,"y":-0.02158229984343052,"z":0.003734645200893283,"w":-0.9852445125579834},"size":5.346401214599609,"orthographic":false}